INSERT INTO "FUSION"."USER" (_key, ID, PASSWORD, USERNAME, CREATED_AT, UPDATED_AT)
VALUES
('3ba76d44-e818-440a-86b6-aff41f48f578', '3ba76d44-e818-440a-86b6-aff41f48f578', 'passwordHash', 'user1', '2021-05-06 17:47:52', '2021-05-06 17:47:52'),
('5d2662a3-797f-42de-bb7d-ca9fcac70f12', '5d2662a3-797f-42de-bb7d-ca9fcac70f12', 'passwordHash', 'user2', '2021-05-06 17:47:52', '2021-05-06 17:47:52');
INSERT INTO "FUSION"."PROFILE" (_key, ID, LASTNAME, FIRSTNAME, LAST_LOGIN, IS_ACTIVE, USER_ID, ORGANIZATION_ID, CREATED_AT, UPDATED_AT)
VALUES
('4a91a858-3abc-4666-a851-ab73b4bd867f', '4a91a858-3abc-4666-a851-ab73b4bd867f', 'Michel', 'Dupont', '2021-05-06 17:47:52', 1, '3ba76d44-e818-440a-86b6-aff41f48f578', 'bf508646-1247-497c-8000-9ee8c0e5041b', '2021-05-06 17:47:52', '2021-05-06 17:47:52'),
('c1ce450b-ba5c-4f3d-8051-3109bd6802b2', 'c1ce450b-ba5c-4f3d-8051-3109bd6802b2', 'Michel', 'Dupont', '2021-05-06 17:47:52', 1, '3ba76d44-e818-440a-86b6-aff41f48f578', 'fb77f8d2-7032-4f60-9e97-a053a3bc5453', '2021-05-06 17:47:52', '2021-05-06 17:47:52'),
('dc82f32d-1107-4f62-8321-223c64f9b842', 'dc82f32d-1107-4f62-8321-223c64f9b842', 'Michel', 'Dupont', '2021-05-06 17:47:52', 1, '3ba76d44-e818-440a-86b6-aff41f48f578', 'e3e0f60e-53f9-4611-b5d5-53074f482a05', '2021-05-06 17:47:52', '2021-05-06 17:47:52'),
('7b8aa52e-b5af-4e22-8dae-0a36600430a3', '7b8aa52e-b5af-4e22-8dae-0a36600430a3', 'Jean', 'Dupont', '2021-05-06 17:47:52', 1, '5d2662a3-797f-42de-bb7d-ca9fcac70f12', 'bf508646-1247-497c-8000-9ee8c0e5041b', '2021-05-06 17:47:52', '2021-05-06 17:47:52'),
('6d8ad8ef-7546-49f2-b6a9-e0df9a2871d0', '6d8ad8ef-7546-49f2-b6a9-e0df9a2871d0', 'Jean', 'Dupont', '2021-05-06 17:47:52', 1, '5d2662a3-797f-42de-bb7d-ca9fcac70f12', 'fb77f8d2-7032-4f60-9e97-a053a3bc5453', '2021-05-06 17:47:52', '2021-05-06 17:47:52'),
('49f8b895-f0d6-4213-87d6-f22c6c379df5', '49f8b895-f0d6-4213-87d6-f22c6c379df5', 'Jean', 'Dupont', '2021-05-06 17:47:52', 1, '5d2662a3-797f-42de-bb7d-ca9fcac70f12', 'e3e0f60e-53f9-4611-b5d5-53074f482a05', '2021-05-06 17:47:52', '2021-05-06 17:47:52');
INSERT INTO "FUSION"."EMAIL" (_key, ID, ADDRESS)
VALUES
('b6e0f569-a1c3-4aa8-830f-88482bdea20b', 'b6e0f569-a1c3-4aa8-830f-88482bdea20b', 'michel.dupont@example.com'),
('c9548ab4-db88-4885-b6e0-fb0ef7ca652d', 'c9548ab4-db88-4885-b6e0-fb0ef7ca652d', 'michel.dupont@example2.com'),
('62de3f27-0b2e-402e-8ada-b1da36d81c5c', '62de3f27-0b2e-402e-8ada-b1da36d81c5c', 'jean.dupont@example.com');
INSERT INTO "FUSION"."PROFILE_EMAIL" (_key, PROFILE_ID, EMAIL_ID, IS_MAIN)
VALUES
('4a91a858-3abc-4666-a851-ab73b4bd867f:b6e0f569-a1c3-4aa8-830f-88482bdea20b', '4a91a858-3abc-4666-a851-ab73b4bd867f', 'b6e0f569-a1c3-4aa8-830f-88482bdea20b', 1),
('4a91a858-3abc-4666-a851-ab73b4bd867f:c9548ab4-db88-4885-b6e0-fb0ef7ca652d', '4a91a858-3abc-4666-a851-ab73b4bd867f', 'c9548ab4-db88-4885-b6e0-fb0ef7ca652d', 0),
('c1ce450b-ba5c-4f3d-8051-3109bd6802b2:b6e0f569-a1c3-4aa8-830f-88482bdea20b', 'c1ce450b-ba5c-4f3d-8051-3109bd6802b2', 'b6e0f569-a1c3-4aa8-830f-88482bdea20b', 1),
('dc82f32d-1107-4f62-8321-223c64f9b842:b6e0f569-a1c3-4aa8-830f-88482bdea20b', 'dc82f32d-1107-4f62-8321-223c64f9b842', 'b6e0f569-a1c3-4aa8-830f-88482bdea20b', 1),
('dc82f32d-1107-4f62-8321-223c64f9b842:c9548ab4-db88-4885-b6e0-fb0ef7ca652d', 'dc82f32d-1107-4f62-8321-223c64f9b842', 'c9548ab4-db88-4885-b6e0-fb0ef7ca652d', 0),
('7b8aa52e-b5af-4e22-8dae-0a36600430a3:62de3f27-0b2e-402e-8ada-b1da36d81c5c', '7b8aa52e-b5af-4e22-8dae-0a36600430a3', '62de3f27-0b2e-402e-8ada-b1da36d81c5c', 1),
('6d8ad8ef-7546-49f2-b6a9-e0df9a2871d0:62de3f27-0b2e-402e-8ada-b1da36d81c5c', '6d8ad8ef-7546-49f2-b6a9-e0df9a2871d0', '62de3f27-0b2e-402e-8ada-b1da36d81c5c', 1),
('49f8b895-f0d6-4213-87d6-f22c6c379df5:62de3f27-0b2e-402e-8ada-b1da36d81c5c', '49f8b895-f0d6-4213-87d6-f22c6c379df5', '62de3f27-0b2e-402e-8ada-b1da36d81c5c', 1);
INSERT INTO "FUSION"."LANGUAGE" (_key, ID, CODE, LABEL)
VALUES
('ee33cf08-a17c-4588-89f5-b5e1278ba6a2', 'ee33cf08-a17c-4588-89f5-b5e1278ba6a2', 'en-US', 'English - United States'),
('73e073de-4144-4054-8d9b-f6c65f1ca2ef', '73e073de-4144-4054-8d9b-f6c65f1ca2ef', 'fr-FR', 'French - France');
INSERT INTO "FUSION"."TEXT" (_key, ID, LANGUAGE_ID , CONTENT)
VALUES
('56a436e4-6600-4461-a4be-ea0e700db9cc:ee33cf08-a17c-4588-89f5-b5e1278ba6a2', '56a436e4-6600-4461-a4be-ea0e700db9cc', 'ee33cf08-a17c-4588-89f5-b5e1278ba6a2', 'default'),
('56a436e4-6600-4461-a4be-ea0e700db9cc:73e073de-4144-4054-8d9b-f6c65f1ca2ef', '56a436e4-6600-4461-a4be-ea0e700db9cc', '73e073de-4144-4054-8d9b-f6c65f1ca2ef', 'par défaut'),
('d1dd1415-7c73-4437-9c51-3974823d8c7e:ee33cf08-a17c-4588-89f5-b5e1278ba6a2', 'd1dd1415-7c73-4437-9c51-3974823d8c7e', 'ee33cf08-a17c-4588-89f5-b5e1278ba6a2', 'society'),
('d1dd1415-7c73-4437-9c51-3974823d8c7e:73e073de-4144-4054-8d9b-f6c65f1ca2ef', 'd1dd1415-7c73-4437-9c51-3974823d8c7e', '73e073de-4144-4054-8d9b-f6c65f1ca2ef', 'société'),
('4960c9ea-2e65-4ca7-985a-3d96bddc1bd7:ee33cf08-a17c-4588-89f5-b5e1278ba6a2', '4960c9ea-2e65-4ca7-985a-3d96bddc1bd7', 'ee33cf08-a17c-4588-89f5-b5e1278ba6a2', 'non-profit'),
('4960c9ea-2e65-4ca7-985a-3d96bddc1bd7:73e073de-4144-4054-8d9b-f6c65f1ca2ef', '4960c9ea-2e65-4ca7-985a-3d96bddc1bd7', '73e073de-4144-4054-8d9b-f6c65f1ca2ef', 'association');
INSERT INTO "FUSION"."ORGANIZATIONTYPE" (_key, ID, LABEL_TEXT_ID, CREATED_AT, UPDATED_AT)
VALUES
('3ee11bd4-6083-4f9d-9064-f8024e626a3c', '3ee11bd4-6083-4f9d-9064-f8024e626a3c', '56a436e4-6600-4461-a4be-ea0e700db9cc', '2021-05-06 17:47:52', '2021-05-06 17:47:52'),
('3a81266a-5875-425c-a276-01d1aff1e187', '3a81266a-5875-425c-a276-01d1aff1e187', 'd1dd1415-7c73-4437-9c51-3974823d8c7e', '2021-05-06 17:47:52', '2021-05-06 17:47:52'),
('b38bd4db-3b5d-4dac-9af2-078c5e2972ad', 'b38bd4db-3b5d-4dac-9af2-078c5e2972ad', '4960c9ea-2e65-4ca7-985a-3d96bddc1bd7', '2021-05-06 17:47:52', '2021-05-06 17:47:52');
INSERT INTO "FUSION"."ORGANIZATION" (_key, ID, LABEL, ORGANIZATIONTYPE_ID, QUERYABLE, CREATED_AT, UPDATED_AT)
VALUES
('bf508646-1247-497c-8000-9ee8c0e5041b', 'bf508646-1247-497c-8000-9ee8c0e5041b', 'default', '3ee11bd4-6083-4f9d-9064-f8024e626a3c', 0, '2021-05-06 17:47:52', '2021-05-06 17:47:52'),
('fb77f8d2-7032-4f60-9e97-a053a3bc5453', 'fb77f8d2-7032-4f60-9e97-a053a3bc5453', 'org1', 'b38bd4db-3b5d-4dac-9af2-078c5e2972ad', 1, '2021-05-06 17:47:52', '2021-05-06 17:47:52'),
('e3e0f60e-53f9-4611-b5d5-53074f482a05', 'e3e0f60e-53f9-4611-b5d5-53074f482a05', 'org2', '3a81266a-5875-425c-a276-01d1aff1e187', 1, '2021-05-06 17:47:52', '2021-05-06 17:47:52');
INSERT INTO "FUSION"."FILESYSTEM" (_key, ID, ROOTDIR_ID, LABEL, SHARED, CREATED_AT, UPDATED_AT)
VALUES
('2bbdca80-7097-4a7c-aa4d-a0808992c7c5', '2bbdca80-7097-4a7c-aa4d-a0808992c7c5', '5fb5b887-6f85-4bc3-bd2f-500145513ee4', 'RADICAL PLANET', 0, '2021-05-06 17:47:52', '2021-05-06 17:47:52'),
('3bf5c748-fecc-476a-8759-06cac217f556', '3bf5c748-fecc-476a-8759-06cac217f556', 'b7f673fe-e13d-45ed-8d97-bd3f862a78e6', 'TINY UNIFORM', 1, '2021-05-06 17:47:52', '2021-05-06 17:47:52'),
('69da5cf0-e63c-4c3f-9762-28e004992f78', '69da5cf0-e63c-4c3f-9762-28e004992f78', 'aa559b06-934d-40e4-b16f-4a3626aef07f', 'INEVITABLE MOOR', 0, '2021-05-06 17:47:52', '2021-05-06 17:47:52'),
('e9c0d799-458f-40d2-ad87-76c61d746191', 'e9c0d799-458f-40d2-ad87-76c61d746191', '083239b2-3e6e-4a5f-a1e2-85ee46e512de', 'EXCESS FEEDBACK', 0, '2021-05-06 17:47:52', '2021-05-06 17:47:52');
INSERT INTO "FUSION"."FILESYSTEM_ORGANIZATION" (_key, FILESYSTEM_ID, ORGANIZATION_ID, IS_DEFAULT)
VALUES
('2bbdca80-7097-4a7c-aa4d-a0808992c7c5:bf508646-1247-497c-8000-9ee8c0e5041b', '2bbdca80-7097-4a7c-aa4d-a0808992c7c5', 'bf508646-1247-497c-8000-9ee8c0e5041b', 1),
('3bf5c748-fecc-476a-8759-06cac217f556:fb77f8d2-7032-4f60-9e97-a053a3bc5453', '3bf5c748-fecc-476a-8759-06cac217f556', 'fb77f8d2-7032-4f60-9e97-a053a3bc5453', 0),
('3bf5c748-fecc-476a-8759-06cac217f556:e3e0f60e-53f9-4611-b5d5-53074f482a05', '3bf5c748-fecc-476a-8759-06cac217f556', 'e3e0f60e-53f9-4611-b5d5-53074f482a05', 0),
('69da5cf0-e63c-4c3f-9762-28e004992f78:fb77f8d2-7032-4f60-9e97-a053a3bc5453', '69da5cf0-e63c-4c3f-9762-28e004992f78', 'fb77f8d2-7032-4f60-9e97-a053a3bc5453', 1),
('e9c0d799-458f-40d2-ad87-76c61d746191:e3e0f60e-53f9-4611-b5d5-53074f482a05', 'e9c0d799-458f-40d2-ad87-76c61d746191', 'e3e0f60e-53f9-4611-b5d5-53074f482a05', 1);